{
  "controller/NotFound-dbg.controller.js": 1617796983329,
  "test/unit/AllTests.js": 1617796983341,
  "test/unit/model/models.js": 1617796983341,
  "test/unit/model/formatter.js": 1617796983341,
  "test/unit/controller/ListSelector.js": 1617796983341,
  "test/integration/pages/NotFound.js": 1617796983341,
  "test/integration/pages/Master.js": 1617796983337,
  "test/integration/pages/Detail.js": 1617796983337,
  "test/integration/pages/Common.js": 1617796983337,
  "test/integration/pages/Browser.js": 1617796983337,
  "test/integration/pages/App.js": 1617796983337,
  "test/integration/arrangements/Startup.js": 1617796983337,
  "test/integration/arrangements/FLP.js": 1617796983337,
  "test/unit/unitTests.qunit.js": 1617796983341,
  "manifest.json": 1620500843207,
  "test/integration/opaTestsPhone.qunit.js": 1617796983337,
  "test/integration/opaTests.qunit.js": 1617796983337,
  "test/integration/PhoneJourneys.js": 1617796983337,
  "test/integration/NotFoundJourneyPhone.js": 1617796983337,
  "test/integration/NotFoundJourney.js": 1617796983337,
  "test/integration/NavigationJourneyPhone.js": 1617796983337,
  "test/integration/NavigationJourney.js": 1617796983333,
  "test/integration/MasterJourney.js": 1617796983333,
  "test/integration/FLPIntegrationJourney.js": 1617796983333,
  "test/integration/BusyJourneyPhone.js": 1617796983333,
  "test/integration/BusyJourney.js": 1617796983333,
  "test/integration/AllJourneys.js": 1617796983333,
  "test/testsuite.qunit.js": 1617796983341,
  "test/initMockServer.js": 1617796983333,
  "test/initFlpSandboxMockServer.js": 1617796983333,
  "test/initFlpSandbox.js": 1617796983333,
  "test/flpSandbox.js": 1617796983333,
  "model/models.js": 1617796983333,
  "model/formatter.js": 1617796983333,
  "localService/mockserver.js": 1617796983329,
  "controller/NotFound.controller.js": 1617796983329,
  "controller/Master.controller.js": 1617993293795,
  "controller/ListSelector.js": 1617796983329,
  "controller/ErrorHandler.js": 1617796983329,
  "controller/DetailProduct.controller.js": 1620677060362,
  "controller/DetailObjectNotFound.js": 1617796983329,
  "controller/DetailObjectNotFound.controller.js": 1617796983329,
  "controller/Detail.controller.js": 1620503617387,
  "controller/BaseController.js": 1617796983329,
  "controller/App.controller.js": 1617796983329,
  "Component.js": 1617796983325,
  "manifest-bundle.zip": 1620752014884,
  "Component-preload.js": 1620752015413,
  "test/initFlpSandboxMockServer-dbg.js": 1617796983333,
  "test/unit/model/formatter-dbg.js": 1617796983341,
  "test/unit/controller/ListSelector-dbg.js": 1617796983341,
  "test/integration/pages/NotFound-dbg.js": 1617796983341,
  "test/integration/pages/Master-dbg.js": 1617796983337,
  "test/integration/pages/Detail-dbg.js": 1617796983337,
  "test/integration/pages/Common-dbg.js": 1617796983337,
  "test/integration/pages/Browser-dbg.js": 1617796983337,
  "test/integration/pages/App-dbg.js": 1617796983337,
  "test/integration/arrangements/Startup-dbg.js": 1617796983337,
  "test/integration/arrangements/FLP-dbg.js": 1617796983337,
  "test/unit/unitTests.qunit-dbg.js": 1617796983341,
  "test/unit/AllTests-dbg.js": 1617796983341,
  "test/integration/opaTestsPhone.qunit-dbg.js": 1617796983337,
  "test/integration/opaTests.qunit-dbg.js": 1617796983337,
  "test/integration/PhoneJourneys-dbg.js": 1617796983337,
  "test/integration/NotFoundJourneyPhone-dbg.js": 1617796983337,
  "test/integration/NotFoundJourney-dbg.js": 1617796983337,
  "test/integration/NavigationJourneyPhone-dbg.js": 1617796983337,
  "test/integration/NavigationJourney-dbg.js": 1617796983333,
  "test/integration/MasterJourney-dbg.js": 1617796983333,
  "test/integration/FLPIntegrationJourney-dbg.js": 1617796983333,
  "test/integration/BusyJourneyPhone-dbg.js": 1617796983333,
  "test/integration/BusyJourney-dbg.js": 1617796983333,
  "test/integration/AllJourneys-dbg.js": 1617796983333,
  "test/testsuite.qunit-dbg.js": 1617796983341,
  "test/initMockServer-dbg.js": 1617796983333,
  "test/unit/model/models-dbg.js": 1617796983341,
  "test/initFlpSandbox-dbg.js": 1617796983333,
  "test/flpSandbox-dbg.js": 1617796983333,
  "localService/mockserver-dbg.js": 1617796983329,
  "model/models-dbg.js": 1617796983333,
  "model/formatter-dbg.js": 1617796983333,
  "i18n/i18n.properties": 1620751866987,
  "controller/Master-dbg.controller.js": 1617993293795,
  "controller/ListSelector-dbg.js": 1617796983329,
  "controller/ErrorHandler-dbg.js": 1617796983329,
  "controller/DetailProduct-dbg.controller.js": 1620677060362,
  "controller/DetailObjectNotFound-dbg.js": 1617796983329,
  "controller/DetailObjectNotFound-dbg.controller.js": 1617796983329,
  "controller/Detail-dbg.controller.js": 1620503617387,
  "controller/BaseController-dbg.js": 1617796983329,
  "controller/App-dbg.controller.js": 1617796983329,
  "Component-dbg.js": 1617796983325,
  "test/unit/unitTests.qunit.html": 1617796983341,
  "test/integration/opaTestsPhone.qunit.html": 1617796983337,
  "test/integration/opaTests.qunit.html": 1617796983337,
  "view/ViewSettingsDialog.fragment.xml": 1617796983345,
  "view/NotFound.view.xml": 1617796983345,
  "view/Master.view.xml": 1618579962404,
  "view/EditProduct.fragment.xml": 1620676824619,
  "view/EditBuPa.fragment.xml": 1619288003731,
  "view/Display.fragment.xml": 1620676824627,
  "view/DetailProduct.view.xml": 1620500071560,
  "view/DetailObjectNotFound.view.xml": 1617796983345,
  "view/Detail.view.xml": 1620500071584,
  "view/App.view.xml": 1617796983341,
  "test/testsuite.qunit.html": 1617796983341,
  "test/mockServer.html": 1617796983341,
  "test/flpSandboxMockServer.html": 1617796983333,
  "test/flpSandbox.html": 1617796983333,
  "localService/metadata.xml": 1618919299559,
  "test.html": 1617796983341,
  "index.html": 1617796983329
}